{
	"info": {
		"_postman_id": "ba4e6f44-31bf-423b-892c-d0f7d75b7081",
		"name": "Book Collection",
		"schema": "https://schema.getpostman.com/json/collection/v2.1.0/collection.json",
		"_exporter_id": "5222757",
		"_collection_link": "https://warped-shadow-398598.postman.co/workspace/BuilderBid~2998572f-41b3-47ce-9c00-0baeead5ccbf/collection/5222757-ba4e6f44-31bf-423b-892c-d0f7d75b7081?action=share&source=collection_link&creator=5222757"
	},
	"item": [
		{
			"name": "auth",
			"item": [
				{
					"name": "register",
					"request": {
						"method": "POST",
						"header": [],
						"body": {
							"mode": "raw",
							"raw": "{\r\n    \"email\": \"test3@test.com\",\r\n    \"password\": \"123123\",\r\n    \"confirmPassword\": \"123123\"\r\n}",
							"options": {
								"raw": {
									"language": "json"
								}
							}
						},
						"url": {
							"raw": "{{base_url}}/auth/register",
							"host": [
								"{{base_url}}"
							],
							"path": [
								"auth",
								"register"
							]
						}
					},
					"response": []
				},
				{
					"name": "login",
					"request": {
						"method": "POST",
						"header": [],
						"body": {
							"mode": "raw",
							"raw": "{\r\n    \"email\": \"test3@test.com\",\r\n    \"password\": \"123123\"\r\n}",
							"options": {
								"raw": {
									"language": "json"
								}
							}
						},
						"url": {
							"raw": "{{base_url}}/auth/login",
							"host": [
								"{{base_url}}"
							],
							"path": [
								"auth",
								"login"
							]
						}
					},
					"response": []
				},
				{
					"name": "refresh",
					"request": {
						"method": "GET",
						"header": [],
						"url": {
							"raw": "{{base_url}}/auth/refresh",
							"host": [
								"{{base_url}}"
							],
							"path": [
								"auth",
								"refresh"
							]
						}
					},
					"response": []
				},
				{
					"name": "logout",
					"request": {
						"method": "GET",
						"header": [],
						"url": {
							"raw": "{{base_url}}/auth/logout",
							"host": [
								"{{base_url}}"
							],
							"path": [
								"auth",
								"logout"
							]
						}
					},
					"response": []
				}
			]
		},
		{
			"name": "book",
			"item": [
				{
					"name": "get books",
					"request": {
						"method": "GET",
						"header": [],
						"url": {
							"raw": "{{base_url}}/books",
							"host": [
								"{{base_url}}"
							],
							"path": [
								"books"
							]
						}
					},
					"response": []
				},
				{
					"name": "create book",
					"request": {
						"method": "POST",
						"header": [],
						"body": {
							"mode": "raw",
							"raw": "{\r\n    \"title\":\"Hary Potter\",\r\n    \"author\": \"J K Rolin\",\r\n    \"genre\": \"Action\",\r\n    \"publicationDate\": \"2024-06-24T18:30:00.000+00:00\"\r\n}",
							"options": {
								"raw": {
									"language": "json"
								}
							}
						},
						"url": {
							"raw": "{{base_url}}/books",
							"host": [
								"{{base_url}}"
							],
							"path": [
								"books"
							]
						}
					},
					"response": []
				},
				{
					"name": "delete book",
					"request": {
						"method": "DELETE",
						"header": [],
						"url": {
							"raw": "{{base_url}}/books/6716930cc36590a7f79176ef",
							"host": [
								"{{base_url}}"
							],
							"path": [
								"books",
								"6716930cc36590a7f79176ef"
							]
						}
					},
					"response": []
				},
				{
					"name": "update book",
					"request": {
						"method": "PUT",
						"header": [],
						"body": {
							"mode": "raw",
							"raw": "{\r\n    \"title\":\"Harry Potter 1\",\r\n    \"author\":\"J K Rolin\"\r\n}",
							"options": {
								"raw": {
									"language": "json"
								}
							}
						},
						"url": {
							"raw": "{{base_url}}/books/6716924ac110542fe98d4f81",
							"host": [
								"{{base_url}}"
							],
							"path": [
								"books",
								"6716924ac110542fe98d4f81"
							]
						}
					},
					"response": []
				}
			]
		}
	],
	"event": [
		{
			"listen": "prerequest",
			"script": {
				"type": "text/javascript",
				"packages": {},
				"exec": [
					""
				]
			}
		},
		{
			"listen": "test",
			"script": {
				"type": "text/javascript",
				"packages": {},
				"exec": [
					""
				]
			}
		}
	],
	"variable": [
		{
			"key": "base_url",
			"value": "http://localhost:3010",
			"type": "string"
		}
	]
}